st_reg_id,st_source_url,st_sci_title,,drugs_tested,drug_classes,classification,confidence,reason_proof,n_drugs,n_drug_rows
ACTRN12623001042639,https://anzctr.org.au/ACTRN12623001042639.aspx,Efficacy of Low Dose Naltrexone for the treatment of symptoms of Post COVID-19 Condition,,['naltrexone'],['Small‑molecule immunosuppressants / DMARDs'],Long COVID / PASC (Definite),High,Title contains explicit post-acute term matched by pattern: \bpost[\s-]?covid\b,1,1
ACTRN12624001162505,https://anzctr.org.au/ACTRN12624001162505.aspx,Low Dose Naltrexone for the treatment of Myalgic Encephalomyelitis/Chronic Fatigue Syndrome (ME/CFS) and Long COVID Condition,,['naltrexone'],['Small‑molecule immunosuppressants / DMARDs'],Long COVID / PASC (Definite),High,Title contains explicit post-acute term matched by pattern: \blong[\s-]?covid\b,1,1
CTIS2023-504087-42-00,https://euclinicaltrials.eu//search-for-clinical-trials/?lang=en&EUCT=2023-504087-42-00,"A Phase 3, Randomized, Double-blind, Placebo-controlled Study to Evaluate the Efficacy and Safety of Plitidepsin in Adults with Post COVID-19 Condition - THALASA",,['plitidepsin'],['Broad‑spectrum & host‑directed antivirals'],Long COVID / PASC (Definite),High,Title contains explicit post-acute term matched by pattern: \bpost[\s-]?covid\b,1,1
CTIS2023-504641-32-00,https://euclinicaltrials.eu//search-for-clinical-trials/?lang=en&EUCT=2023-504641-32-00,"A geroscience approach to post-acute COVID-19 syndrome (PACS) by Diet and Exercise plus rapamycin or metformin to treat Frailty and restore immune functions: a randomized, single center clinical trial. - Gero-PACS",,"['metformin', 'rapamycin']","['Biguanides', 'Small‑molecule immunosuppressants / DMARDs']",Long COVID / PASC (Definite),High,Title contains explicit post-acute term matched by pattern: \bpost[\s-]?acute\b.*\bcovid\b,2,2
CTIS2023-504826-21-00,https://euclinicaltrials.eu//search-for-clinical-trials/?lang=en&EUCT=2023-504826-21-00,"Phase 2a, double-blind, randomized, placebo-controlled trial of methylprednisolone versus placebo in patients with cognitive deficits in post-COVID-19 syndrome (PCS) - PoCoVIT - PoCoVIT",,['methylprednisolone'],['Systemic corticosteroids'],Long COVID / PASC (Definite),High,Title contains explicit post-acute term matched by pattern: \bpost[\s-]?covid\b,1,1
CTIS2023-508123-12-00,https://euclinicaltrials.eu//search-for-clinical-trials/?lang=en&EUCT=2023-508123-12-00,"Safety and efficacy of anakinra treatment for patients with persistent respiratory symptoms post acute covid and immune system activation: the PRECISION double-blind, randomized clinical trial - PRECISION",,['anakinra'],['Biologic cytokine / receptor blockers'],Long COVID / PASC (Definite),High,Title contains explicit post-acute term matched by pattern: \bpost[\s-]?acute\b.*\bcovid\b,1,1
CTIS2024-511580-28-00,https://euclinicaltrials.eu/search-for-clinical-trials/?lang=en&EUCT=2024-511580-28-00,RECLAIM: an Adaptive Platform Trial for the Evaluation of Treatments for Post-Acute Sequelae of SARS-CoV-2 Infection (PASC),,"['colchicine', 'metformin']","['Biguanides', 'Microtubule inhibitor anti‑inflammatory']",Long COVID / PASC (Definite),High,Title contains explicit post-acute term matched by pattern: \bpasc\b,2,2
CTIS2024-511580-28-02,,RECLAIM: an Adaptive Platform Trial for the Evaluation of Treatments for Post-Acute Sequelae of SARS-CoV-2 Infection (PASC),,"['colchicine', 'metformin']","['Biguanides', 'Microtubule inhibitor anti‑inflammatory']",Long COVID / PASC (Definite),High,Title contains explicit post-acute term matched by pattern: \bpasc\b,2,2
CTIS2024-511628-16-00,https://euclinicaltrials.eu//search-for-clinical-trials/?lang=en&EUCT=2024-511628-16-00,Randomized adaptive assessment of post COVID syndrome  treatments (RAPID) Reducing Inflammatory Activity in Patients with post COVID Syndrome  (REVIVE) - 2.0,,['calcium'],['Vitamins & supplements'],Long COVID / PASC (Definite),High,Title contains explicit post-acute term matched by pattern: \bpost[\s-]?covid\b,1,1
CTIS2024-511898-30-00,https://euclinicaltrials.eu/search-for-clinical-trials/?lang=en&EUCT=2024-511898-30-00,Impact of post-Acute respiratory distress syndrome COVID sedation on late neuroinflammation (PET-DEXDOCOVID) - APHP200491,,"['dexmedetomidine', 'dimethyl sulfoxide']",['Other symptomatic & supportive agents'],Long COVID / PASC (Definite),High,Title contains explicit post-acute term matched by pattern: \bpost[\s-]?acute\b.*\bcovid\b,2,2
CTIS2024-516174-30-01,https://euclinicaltrials.eu/search-for-clinical-trials/?lang=en&EUCT=2024-516174-30-01,Investigation of pregabalin therapy and complex rehabilitation in treating chronic fatigue associated with post-COVID syndrome - NIGRIR_001POSTCOVID,,['other'],['Other symptomatic & supportive agents'],Long COVID / PASC (Definite),High,Title contains explicit post-acute term matched by pattern: \bpost[\s-]?covid\b,1,1
CTIS2024-516378-31-00,,"Phase II proof-of-concept, randomized, double-blind, placebo-controlled study to evaluate the efficacy and safety of plitidepsin in adults with post-COVID-19 Condition (PCC) - THALASSA 2.0",,"['dexamethasone', 'famotidine', 'other', 'plitidepsin']","['Broad‑spectrum & host‑directed antivirals', 'Other symptomatic & supportive agents', 'Systemic corticosteroids', 'Vitamins & supplements']",Long COVID / PASC (Definite),High,Title contains explicit post-acute term matched by pattern: \bpost[\s-]?covid\b,4,4
CTIS2024-516463-84-00,https://euclinicaltrials.eu/search-for-clinical-trials/?lang=en&EUCT=2024-516463-84-00,Randomised placebo controlled clinical trial of efficacy of MYOcardial protection in postacute inFLAMmatory cardiac involvEment due to COVID-19 (MYOFLAME-19) - MYOFLAME-19,,"['potassium', 'prednisolone']","['Other symptomatic & supportive agents', 'Systemic corticosteroids']",Long COVID / PASC (Definite),High,Title contains explicit post-acute term matched by pattern: \bpost[\s-]?acute\b.*\bcovid\b,2,2
CTRI/2020/11/029305,http://www.ctri.nic.in/Clinicaltrials/pmaindet2.php?trialid=48195,Clarithromycin in post Covid parenchymal organizing pneumonia - an open labelled randomized control trial - PCOVID,,['clarithromycin'],['Macrolides / repurposed anti‑infectives'],Long COVID / PASC (Definite),High,Title contains explicit post-acute term matched by pattern: \bpost[\s-]?covid\b,1,1
CTRI/2021/09/036442,http://www.ctri.nic.in/Clinicaltrials/pmaindet2.php?trialid=60448,Pirfenidone in Post COVID-19 lung fibrosis treatment(PirfeCT): a pilot randomised study - PirfeCT,,['other'],['Other symptomatic & supportive agents'],Long COVID / PASC (Definite),High,Title contains explicit post-acute term matched by pattern: \bpost[\s-]?covid\b,1,1
CTRI/2022/04/041704,http://www.ctri.nic.in/Clinicaltrials/pmaindet2.php?trialid=67459,Randomized Controlled Trial of the Efficacy of ProGenX in the Resolution of Post-COVID Fatigue & Immune status,,"['avasopasem manganese', 'other', 'resveratrol / copper', 'selenium', 'vitamin a', 'vitamin b', 'vitamin c', 'zinc (any salt)']","['Other symptomatic & supportive agents', 'Vitamins & supplements']",Long COVID / PASC (Definite),High,Title contains explicit post-acute term matched by pattern: \bpost[\s-]?covid\b,8,8
CTRI/2022/06/043444,http://www.ctri.nic.in/Clinicaltrials/pmaindet2.php?trialid=65544,A randomized controlled study to assess the effect of Ã¢??ShirodharaÃ¢?? as an add-on therapy on the post Covid common mental  disorders (Depression and Anxiety) in Covid-19 survivors.,,['other'],['Other symptomatic & supportive agents'],Long COVID / PASC (Definite),High,Title contains explicit post-acute term matched by pattern: \bpost[\s-]?covid\b,1,1
CTRI/2022/07/043679,http://www.ctri.nic.in/Clinicaltrials/pmaindet2.php?trialid=68333,Antihistamines for treatment of Long COVID Ã¢?? A placebo controlled double blinded Randomized Controlled Trial,,['other'],['Other symptomatic & supportive agents'],Long COVID / PASC (Definite),High,Title contains explicit post-acute term matched by pattern: \blong[\s-]?covid\b,1,1
CTRI/2023/10/058736,http://www.ctri.nic.in/Clinicaltrials/pmaindet2.php?trialid=92221,STANDARD CONTROLLED COMPARATIVE CLINICAL STUDY TO ASSESS THE EFFICACY OF ADJUVANT EFFECT OF SARPHAGANDGA GHANA VATI WITH MODERN ANTI HYPERTENSIVE DRUGS IN POST COVID HYPERTENSION. - NIL,,"['other', 'telmisartan']","['Metabolic / cardiometabolic agents', 'Other symptomatic & supportive agents']",Long COVID / PASC (Definite),High,Title contains explicit post-acute term matched by pattern: \bpost[\s-]?covid\b,2,2
CTRI/2024/01/061987,,"Comparing Effectiveness of Physiotherapy versus Drug Management on Fatigue, Physical Functioning, and Episodic Disability for Myalgic Encephalomyelitis in Post-COVID-19 Condition - PCCPT",,"['azithromycin', 'favipiravir', 'hydrocortisone', 'infliximab', 'other', 'remdesivir', 'rituximab', 'siltuximab', 'tocilizumab']","['Biologic cytokine / receptor blockers', 'IL‑6 receptor blockers', 'Macrolides / repurposed anti‑infectives', 'Other symptomatic & supportive agents', 'RdRp inhibitors', 'Systemic corticosteroids']",Long COVID / PASC (Definite),High,Title contains explicit post-acute term matched by pattern: \bpost[\s-]?covid\b,9,9
CTRI/2024/04/065969,http://www.ctri.nic.in/Clinicaltrials/pmaindet2.php?trialid=103649,A clinical evaluation of severity and management of peri-implantitis around dental implant in post COVID 19 patients- Randomized control trial - NIL,,['other'],['Other symptomatic & supportive agents'],Long COVID / PASC (Definite),High,Title contains explicit post-acute term matched by pattern: \bpost[\s-]?covid\b,1,1
ChiCTR2300067758,https://www.chictr.org.cn/showproj.html?proj=188667,"Efficacy and tolerability of 0.2% hyaluronic acid and 2% ectoin topical eye drops, Vitamin A ointment, and lid wipe in post-COVID Meibomian Gland Dysfunction (MGD): a 3-arm randomized clinical trial",,"['other', 'vitamin a']","['Other symptomatic & supportive agents', 'Vitamins & supplements']",Long COVID / PASC (Definite),High,Title contains explicit post-acute term matched by pattern: \bpost[\s-]?covid\b,2,2
ChiCTR2300067971,https://www.chictr.org.cn/showproj.html?proj=189999,Clinical study on acupoint catgut embedding therapy for residual cough after post-acute swquelae of COVID-19,,['methotrexate'],['Small‑molecule immunosuppressants / DMARDs'],Long COVID / PASC (Definite),High,Title contains explicit post-acute term matched by pattern: \bpost[\s-]?acute\b.*\bcovid\b,1,1
ChiCTR2300070566,https://www.chictr.org.cn/showproj.html?proj=195726,"A randomized, controlled trial of ozone therapy for Post-COVID-19 Condition (long COVID)",,['oxygen'],['Respiratory & hemodynamic support'],Long COVID / PASC (Definite),High,Title contains explicit post-acute term matched by pattern: \blong[\s-]?covid\b,1,1
ChiCTR2400095046,https://www.chictr.org.cn/showproj.html?proj=194192,Vitamin D supplementation improves Long COVID: a randomized controlled trial,,['vitamin d'],['Vitamins & supplements'],Long COVID / PASC (Definite),High,Title contains explicit post-acute term matched by pattern: \blong[\s-]?covid\b,1,1
ChiCTR2500109969,https://www.chictr.org.cn/showproj.html?proj=287067,Clinical research on the safety and efficacy of low-pressure oxygen supplementation in the treatment of post-COVID-19 syndrome,,['oxygen'],['Respiratory & hemodynamic support'],Long COVID / PASC (Definite),High,Title contains explicit post-acute term matched by pattern: \bpost[\s-]?covid\b,1,1
DRKS00029617,http://www.drks.de/DRKS00029617,"Prednisolone and vitamin B1, B6, and B12 in patients with Post-COVID-19-Syndrome (PC19S) â€"" a randomized controlled trial in primary care - PreVitaCOV",,"['prednisolone', 'vitamin b', 'vitamin b12']","['Systemic corticosteroids', 'Vitamins & supplements']",Long COVID / PASC (Definite),High,Title contains explicit post-acute term matched by pattern: \bpost[\s-]?covid\b,3,3
DRKS00031515,http://drks.de/search/en/trial/DRKS00031515,Effect of normobaric intermittent hypoxia-hyperoxia in patients with post-acute-COVID-19 syndrome,,['other'],['Other symptomatic & supportive agents'],Long COVID / PASC (Definite),High,Title contains explicit post-acute term matched by pattern: \bpost[\s-]?acute\b.*\bcovid\b,1,1
DRKS00032237,http://drks.de/search/en/trial/DRKS00032237,"Prospective, exploratory, randomized, controlled, double-blind, phase IIa clinical trial in a cross-over design to evaluate the safety and tolerability and potential clinical effects of BC007 in patients with post-COVID syndrome. - reCOVer",,['other'],['Other symptomatic & supportive agents'],Long COVID / PASC (Definite),High,Title contains explicit post-acute term matched by pattern: \bpost[\s-]?covid\b,1,1
DRKS00037519,http://drks.de/search/en/trial/DRKS00037519,Treatment effect of intermittent hypoxia-hyperoxia therapy (IHHT) on physical and cognitive performance in post-COVID patients - IHHT,,['oxygen'],['Respiratory & hemodynamic support'],Long COVID / PASC (Definite),High,Title contains explicit post-acute term matched by pattern: \bpost[\s-]?covid\b,1,1
EUCTR2021-002610-14-DK,https://www.clinicaltrialsregister.eu/ctr-search/search?query=eudract_number:2021-002610-14,"Mestinon and Salbutamol Tolerability and Efficacy as therapy for Post-COVID-19 Myopathy - A randomized, placebo-controlled, rater and subject-blinded, 2x2 crossover study.   - MASTER-PCM",,"['other', 'pyridostigmine']",['Other symptomatic & supportive agents'],Long COVID / PASC (Definite),High,Title contains explicit post-acute term matched by pattern: \bpost[\s-]?covid\b,2,2
EUCTR2022-001041-20-DE,https://www.clinicaltrialsregister.eu/ctr-search/search?query=eudract_number:2022-001041-20,"Prednisolone and vitamin B1, B6, and B12 in patients with Post-COVID-19-Syndrome (PC19S) â€"" a randomized controlled trial in primary care - PreVitaCOV",,"['prednisolone', 'vitamin b', 'vitamin b12']","['Systemic corticosteroids', 'Vitamins & supplements']",Long COVID / PASC (Definite),High,Title contains explicit post-acute term matched by pattern: \bpost[\s-]?covid\b,3,3
EUCTR2022-001682-12-AT,https://www.clinicaltrialsregister.eu/ctr-search/search?query=eudract_number:2022-001682-12,Randomised placebo controlled clinical trial of efficacy of MYOcardial protection in patients with postacute inFLAMmatory cardiac involvEment due to COVID-19 (MYOFLAME-19) - MYOFLAME-19,,"['losartan', 'prednisolone']","['Metabolic / cardiometabolic agents', 'Systemic corticosteroids']",Long COVID / PASC (Definite),High,Title contains explicit post-acute term matched by pattern: \bpost[\s-]?acute\b.*\bcovid\b,2,2
EUCTR2022-001781-35-DE,https://www.clinicaltrialsregister.eu/ctr-search/search?query=eudract_number:2022-001781-35,"Prospective, explorative, randomized, controlled, double-blind, cross-over phase IIa clinical trial to investigate safety and tolerability as well as potential clinical effects of BC007 in patients with post-COVID syndrome - reCOVer",,['other'],['Other symptomatic & supportive agents'],Long COVID / PASC (Definite),High,Title contains explicit post-acute term matched by pattern: \bpost[\s-]?covid\b,1,1
IRCT20220526054990N1,http://en.irct.ir/trial/63831,Evaluation of the effect of fluvoxamine in preventing neuropsychiatric symptoms of Long COVID syndrome,,,,Long COVID / PASC (Definite),High,Title contains explicit post-acute term matched by pattern: \blong[\s-]?covid\b,0,0
IRCT20221229056979N1,http://en.irct.ir/trial/67746,Investigating the effect of vitamin B1 oral tablets on the post covid-19 syndrome in comparison with the control group,,"['famotidine', 'vitamin b', 'vitamin c', 'zinc (any salt)']",['Vitamins & supplements'],Long COVID / PASC (Definite),High,Title contains explicit post-acute term matched by pattern: \bpost[\s-]?covid\b,4,4
ITMCTR2024000263,http://itmctr.ccebtcm.org.cn/en-US/Home/ProjectView?pid=d978bcb8-2708-4a55-848f-3513ed81eead,A clinical randomized controlled trial study on the treatment of the Post COVID-19 pulmonary fibrosis from the the pulmonary micro-membrane theory,,"['acetylcysteine', 'prednisone']","['Other symptomatic & supportive agents', 'Systemic corticosteroids']",Long COVID / PASC (Definite),High,Title contains explicit post-acute term matched by pattern: \bpost[\s-]?covid\b,2,2
JPRN-UMIN000043537,https://upload.umin.ac.jp/cgi-open-bin/ctr_e/ctr_view.cgi?recptno=R000049715,Post COVID-19 Anosmia treatments - Anosmia treatments,,"['corticosteroids (unspecified)', 'other', 'saline']","['Other symptomatic & supportive agents', 'Systemic corticosteroids']",Long COVID / PASC (Definite),High,Title contains explicit post-acute term matched by pattern: \bpost[\s-]?covid\b,3,3
JPRN-UMIN000050726,https://center6.umin.ac.jp/cgi-open-bin/ctr_e/ctr_view.cgi?recptno=R000057796,Effects of Kampo medicines on the persistent cough of long COVID-19 - Improvement of post-COVID-19 prolonged cough with Kampo medicines,,"['corticosteroids (unspecified)', 'other']","['Other symptomatic & supportive agents', 'Systemic corticosteroids']",Long COVID / PASC (Definite),High,Title contains explicit post-acute term matched by pattern: \blong[\s-]?covid\b,2,2
JPRN-jRCTs031230470,,Efficacy and safety of clomipramine for post COVID-19 condition: exploratory research,,['s-217622 or pf-07817883'],['3CL protease inhibitors'],Long COVID / PASC (Definite),High,Title contains explicit post-acute term matched by pattern: \bpost[\s-]?covid\b,1,1
JPRN-jRCTs051230184,https://jrct.niph.go.jp/latest-detail/jRCTs051230184,Research Evaluation of Safety and Impact in Long COVID Intervention with Ensitrelvir for National Cohort Efficacy - RESILIENCE study,,['other'],['Other symptomatic & supportive agents'],Long COVID / PASC (Definite),High,Title contains explicit post-acute term matched by pattern: \blong[\s-]?covid\b,1,1
KCT0009342,https://cris.nih.go.kr/cris/search/detailSearchEn.do?seq=26609,Exploratory double-blind randomized placebo-controlled trial of Metformin and Ursodeoxycholic acid (UDCA) to treat post-acute sequelae of SARS-CoV-2 infection (PASC),,"['metformin', 'other']","['Biguanides', 'Other symptomatic & supportive agents']",Long COVID / PASC (Definite),High,Title contains explicit post-acute term matched by pattern: \bpasc\b,2,2
NCT04534478,https://clinicaltrials.gov/show/NCT04534478,"Randomized, Open, Parallel, Single-center, Non-inferiority Clinical Trial, With an Active Control Group, Comparing Two Oral Prednisone Regimens With the Aim of Optimizing the Therapeutic Strategy in Patients With Organizing Pneumonia Post-COVID-19 Infection",,['prednisone'],['Systemic corticosteroids'],Long COVID / PASC (Definite),High,Title contains explicit post-acute term matched by pattern: \bpost[\s-]?covid\b,1,1
NCT04551781,https://clinicaltrials.gov/show/NCT04551781,Short Term Low Dose Corticosteroids for Management of Post Covid-19 Pulmonary Fibrosis,,['prednisone'],['Systemic corticosteroids'],Long COVID / PASC (Definite),High,Title contains explicit post-acute term matched by pattern: \bpost[\s-]?covid\b,1,1
NCT04607928,https://clinicaltrials.gov/show/NCT04607928,Phase-II Randomized Clinical Trial to Evaluate the Effect of Pirfenidone Compared to Placebo in Post-COVID19 Pulmonary Fibrosis,,"['corticosteroids (unspecified)', 'pirfenidone']","['Small‑molecule immunosuppressants / DMARDs', 'Systemic corticosteroids']",Long COVID / PASC (Definite),High,Title contains explicit post-acute term matched by pattern: \bpost[\s-]?covid[-\s]?19\b,2,2
NCT04652518,https://clinicaltrials.gov/show/NCT04652518,"A Phase 2 Randomized, Double-blind, Placebo-controlled Trial and Open Label Extension to Evaluate the Safety and Efficacy of Deupirfenidone (LYT-100) in Post-acute COVID-19 Respiratory Disease",,['other'],['Other symptomatic & supportive agents'],Long COVID / PASC (Definite),High,Title contains explicit post-acute term matched by pattern: \bpost[\s-]?acute\b.*\bcovid\b,1,1
NCT04695704,https://clinicaltrials.gov/show/NCT04695704,"Double-blind Randomized Clinical Trial, Placebo-controlled to Assess the Efficacy of Montelukast in Mild-moderate Respiratory Symptoms in Patients With Long-COVID-19: E-SPERANZA COVID-19 PROJECT",,['montelukast'],['Respiratory & hemodynamic support'],Long COVID / PASC (Definite),High,Title contains explicit post-acute term matched by pattern: \blong[\s-]?covid\b,1,1
NCT04705831,https://clinicaltrials.gov/show/NCT04705831,"A Randomized, Double Blind, Placebo Controlled, Cross-Over, Proof-of-Concept Study to Evaluate the Benefit of RUCONEST (C1 Esterase Inhibitor [Recombinant]) in Improving Neurological Symptoms in Post-SARS-CoV-2 Infection",,['human c1-esterase inhibitor'],['Innate immune modulators and others'],Long COVID / PASC (Definite),High,Title contains explicit post-acute term matched by pattern: \bpost[\s-]?sars[-\s]?cov[-\s]?2\b,1,1
NCT04777981,https://clinicaltrials.gov/show/NCT04777981,Efficacy of Cannabidiol in Combination With Red Algae (CBDRA60) to Prevent or Reduce Symptoms of COVID-19 and Post-Acute Sequelae of SARS-CoV-2 Infection PASC,,['other'],['Other symptomatic & supportive agents'],Long COVID / PASC (Definite),High,Title contains explicit post-acute term matched by pattern: \bpasc\b,1,1
NCT04809974,https://clinicaltrials.gov/show/NCT04809974,"Randomized, Placebo-controlled Parallel Group Clinical Trial of Nicotinamide Riboside to Evaluate NAD+ Levels in Individuals With Persistent Cognitive and Physical Symptoms After COVID-19 Illness (""""Long-COVID"""")",,['other'],['Other symptomatic & supportive agents'],Long COVID / PASC (Definite),High,Title contains explicit post-acute term matched by pattern: \blong[\s-]?covid\b,1,1
NCT04818489,https://clinicaltrials.gov/show/NCT04818489,Impact of Colchicine on the Clinical Outcome of COVID-19 and the Development of Post-COVID-19 Pulmonary Fibrosis: Randomized Controlled Clinical Trial,,['colchicine'],['Microtubule inhibitor anti‑inflammatory'],Long COVID / PASC (Definite),High,Title contains explicit post-acute term matched by pattern: \bpost[\s-]?covid\b,1,1
NCT04842448,https://clinicaltrials.gov/show/NCT04842448,"Hyperbaric Oxygen for Treatment of Long COVID Syndrome; A Randomized, Placebo-Controlled, Double-Blind, Phase II Clinical Trial",,['other'],['Other symptomatic & supportive agents'],Long COVID / PASC (Definite),High,Title contains explicit post-acute term matched by pattern: \blong[\s-]?covid\b,1,1
NCT04904536,https://clinicaltrials.gov/show/NCT04904536,"An International, Investigator Initiated and Conducted, Pragmatic Clinical Trial to Determine Whether 40mg Atorvastatin Daily Can Improve Neurocognitive Function in Adults With Long COVID Neurological Symptoms",,['atorvastatin'],['Statins'],Long COVID / PASC (Definite),High,Title contains explicit post-acute term matched by pattern: \blong[\s-]?covid\b,1,1
NCT04947488,https://clinicaltrials.gov/show/NCT04947488,"Evaluation of the Effects of Treatment With Bioarginin C on Physical Exhaustion , Systemic Inflammatory State and Endothelial Function in Adult Subjects Belonging to the Post-Covid Day Hospital",,['vitamin c'],['Vitamins & supplements'],Long COVID / PASC (Definite),High,Title contains explicit post-acute term matched by pattern: \bpost[\s-]?covid\b,1,1
NCT04951362,https://clinicaltrials.gov/show/NCT04951362,Studying the Expected Effect of Ivermectin Nanosuspension as Nasal Spray Upon Post covid19 Persistant Anosmia,,"['corticosteroids (unspecified)', 'ivermectin']","['Macrocyclic lactones', 'Systemic corticosteroids']",Long COVID / PASC (Definite),High,Title contains explicit post-acute term matched by pattern: \bpost[\s-]?covid[-\s]?19\b,2,2
NCT04978259,https://clinicaltrials.gov/show/NCT04978259,Long-term Follow-up of a Randomized Multicenter Trial on Impact of Long-COVID in Hospitalized COVID-19 Patients,,['remdesivir'],['RdRp inhibitors'],Long COVID / PASC (Definite),High,Title contains explicit post-acute term matched by pattern: \blong[\s-]?covid\b,1,1
NCT04988282,https://clinicaltrials.gov/show/NCT04988282,Systemic Corticosteroids in Treatment of Post-COVID-19 Interstitial Lung Disease,,['methylprednisolone'],['Systemic corticosteroids'],Long COVID / PASC (Definite),High,Title contains explicit post-acute term matched by pattern: \bpost[\s-]?covid\b,1,1
NCT05047952,https://clinicaltrials.gov/show/NCT05047952,"Randomized, Double-Blinded, Placebo-Controlled Study Evaluating Vortioxetine for Cognitive Deficits in Persons With Post-COVID-19 Syndrome",,['other'],['Other symptomatic & supportive agents'],Long COVID / PASC (Definite),High,Title contains explicit post-acute term matched by pattern: \bpost[\s-]?covid\b,1,1
NCT05104424,https://clinicaltrials.gov/show/NCT05104424,"The Study of Quadruple Therapy Intranasal Insulin, Zinc, Gabapentin, Ice Cube Stimulation for Post Covid-19 Smell and Taste Dysfunctions",,"['insulin', 'other', 'zinc (any salt)']","['Biguanides', 'Other symptomatic & supportive agents', 'Vitamins & supplements']",Long COVID / PASC (Definite),High,Title contains explicit post-acute term matched by pattern: \bpost[\s-]?covid\b,3,3
NCT05152849,https://clinicaltrials.gov/show/NCT05152849,"A Randomized, Double-Blind, Placebo-Controlled Pilot Study to Evaluate the Efficacy, Safety, and Tolerability of AXA1125 in Subjects With Fatigue-Predominant Post-Acute Sequelae of SARS-CoV-2 (PASC) Infection",,['other'],['Other symptomatic & supportive agents'],Long COVID / PASC (Definite),High,Title contains explicit post-acute term matched by pattern: \bpasc\b,1,1
NCT05184192,https://clinicaltrials.gov/show/NCT05184192,Efficacy of Gabapentin for Post-Covid-19 Olfactory Dysfunction,,['other'],['Other symptomatic & supportive agents'],Long COVID / PASC (Definite),High,Title contains explicit post-acute term matched by pattern: \bpost[\s-]?covid\b,1,1
NCT05212831,https://clinicaltrials.gov/show/NCT05212831,Portable Oxygen Concentrator (POC) Versus Standard of Care in Patients With Long-COVID Cognitive Impairment: a Randomized Crossover Exploratory Pilot Study.,,['oxygen'],['Respiratory & hemodynamic support'],Long COVID / PASC (Definite),High,Title contains explicit post-acute term matched by pattern: \blong[\s-]?covid\b,1,1
NCT05220280,https://clinicaltrials.gov/show/NCT05220280,Long-term Follow-up of a Randomized Multicenter Trial on Impact of Imatinib and Infliximab on Long-COVID in Hospitalized COVID-19 Patients,,"['imatinib', 'infliximab']","['Biologic cytokine / receptor blockers', 'Other TK / multi‑kinase inhibitors']",Long COVID / PASC (Definite),High,Title contains explicit post-acute term matched by pattern: \blong[\s-]?covid\b,2,2
NCT05269017,https://clinicaltrials.gov/show/NCT05269017,The Potential Therapeutic Effect of Vitamin D Nasal Drops in the Treatment of Post COVID Parosmia,,"['budesonide', 'vitamin d']","['Inhaled corticosteroids', 'Vitamins & supplements']",Long COVID / PASC (Definite),High,Title contains explicit post-acute term matched by pattern: \bpost[\s-]?covid\b,2,2
NCT05269030,https://clinicaltrials.gov/show/NCT05269030,The Potential Therapeutic Effect of Ivermectin Nasal Drops in the Treatment of Post COVID Parosmia,,"['budesonide', 'ivermectin']","['Inhaled corticosteroids', 'Macrocyclic lactones']",Long COVID / PASC (Definite),High,Title contains explicit post-acute term matched by pattern: \bpost[\s-]?covid\b,2,2
NCT05274477,https://clinicaltrials.gov/show/NCT05274477,Randomized Placebo-controlled Phase II Cross-over Study on the Influence of Fampridine on Working Memory in Individuals With Post COVID-19 Condition With Subjective Cognitive Impairment,,['other'],['Other symptomatic & supportive agents'],Long COVID / PASC (Definite),High,Title contains explicit post-acute term matched by pattern: \bpost[\s-]?covid\b,1,1
NCT05350774,https://clinicaltrials.gov/show/NCT05350774,Immunotherapy for Neurological Post-Acute Sequelae of SARS-CoV-2 (IN-PASC),,"['immunoglobulin', 'methylprednisolone']","['Convalescent plasma', 'Systemic corticosteroids']",Long COVID / PASC (Definite),High,Title contains explicit post-acute term matched by pattern: \bpasc\b,2,2
NCT05356936,https://clinicaltrials.gov/show/NCT05356936,Pilot Study of Vitamin K2 (MK-7) and Vitamin D3 Supplementation and the Effects on PASC Symptomatology and Inflammatory Biomarkers,,"['other', 'vitamin d']","['Other symptomatic & supportive agents', 'Vitamins & supplements']",Long COVID / PASC (Definite),High,Title contains explicit post-acute term matched by pattern: \bpasc\b,2,2
NCT05371288,https://clinicaltrials.gov/show/NCT05371288,The Role of Glutathione Deficiency and MSIDS Variables in Long COVID-19,,"['acetylcysteine', 'alpha-lipoic acid', 'glutathione', 'magnesium sulfate', 'other']","['Other symptomatic & supportive agents', 'Vitamins & supplements']",Long COVID / PASC (Definite),High,Title contains explicit post-acute term matched by pattern: \blong[\s-]?covid\b,5,5
NCT05371925,https://clinicaltrials.gov/show/NCT05371925,"Endothelial Protection in Post COVID-19 Patients. The Effect of Sulodexide on Serum Levels of Biomarkers for Endothelial Dysfunction. A Prospective, Randomized, Placebo-controlled, Investigator-initiated Trial",,['other'],['Other symptomatic & supportive agents'],Long COVID / PASC (Definite),High,Title contains explicit post-acute term matched by pattern: \bpost[\s-]?covid\b,1,1
NCT05430152,https://clinicaltrials.gov/show/NCT05430152,A Double Blind Randomized Trial of Low-dose Naltrexone for Post-COVID Fatigue Syndrome,,['naltrexone'],['Small‑molecule immunosuppressants / DMARDs'],Long COVID / PASC (Definite),High,Title contains explicit post-acute term matched by pattern: \bpost[\s-]?covid\b,1,1
NCT05447039,https://clinicaltrials.gov/show/NCT05447039,Value of Montelukast as a Potential Treatment of Post COVID-19 Persistent Cough: A Randomized Controlled Pilot Study,,['montelukast'],['Respiratory & hemodynamic support'],Long COVID / PASC (Definite),High,Title contains explicit post-acute term matched by pattern: \bpost[\s-]?covid\b,1,1
NCT05472090,https://clinicaltrials.gov/show/NCT05472090,"A Phase 2, 14-week Double-Blind, Randomized, Multicenter, Placebo-Controlled Study to Evaluate the Efficacy and Safety of TNX-102 SL Taken Daily at Bedtime in Patients With Multisite Pain Associated With Post-Acute Sequelae of SARS-CoV-2 Infection (PASC)",,['other'],['Other symptomatic & supportive agents'],Long COVID / PASC (Definite),High,Title contains explicit post-acute term matched by pattern: \bpasc\b,1,1
NCT05481177,https://clinicaltrials.gov/show/NCT05481177,"Comparative Cohort Study of Post-acute COVID-19 Infection With a Nested, Randomized Controlled Trial of Ivabradine for Those With Postural Orthostatic Tachycardia Syndrome.",,['other'],['Other symptomatic & supportive agents'],Long COVID / PASC (Definite),High,Title contains explicit post-acute term matched by pattern: \bpost[\s-]?acute\b.*\bcovid\b,1,1
NCT05497089,https://clinicaltrials.gov/show/NCT05497089,"Temelimab as a Disease Modifying Therapy in Patients With Neurological, Neuropsychological, and Psychiatric (=Neuropsychiatric) Symptoms in Post-COVID 19 or Postacute Sequelae of COVID-19 (PASC) Syndrome",,['other'],['Other symptomatic & supportive agents'],Long COVID / PASC (Definite),High,Title contains explicit post-acute term matched by pattern: \bpasc\b,1,1
NCT05507372,https://clinicaltrials.gov/show/NCT05507372,Treatment for Post Acute COVID-19 Syndrome,,['other'],['Other symptomatic & supportive agents'],Long COVID / PASC (Definite),High,Title contains explicit post-acute term matched by pattern: \bpost[\s-]?acute\b.*\bcovid\b,1,1
NCT05576662,https://clinicaltrials.gov/show/NCT05576662,Oral Medication Treatment for Long Covid,,"['other', 'ritonavir (boosted, unspecified)']","['HIV antiretrovirals', 'Other symptomatic & supportive agents']",Long COVID / PASC (Definite),High,Title contains explicit post-acute term matched by pattern: \blong[\s-]?covid\b,2,2
NCT05592418,https://clinicaltrials.gov/show/NCT05592418,"A Randomized, Double Blind, Placebo Controlled Study to Evaluate the Efficacy and Safety of AmpligenÂ® in Patients With Post-COVID Conditions",,['other'],['Other symptomatic & supportive agents'],Long COVID / PASC (Definite),High,Title contains explicit post-acute term matched by pattern: \bpost[\s-]?covid\b,1,1
NCT05595369,https://clinicaltrials.gov/show/NCT05595369,Efficacy of Antivirals and Other Therapeutics for Treatment of Post-Acute Sequelae of SARS-CoV-2 Infection (PASC),,"['other', 'ritonavir (boosted, unspecified)']","['HIV antiretrovirals', 'Other symptomatic & supportive agents']",Long COVID / PASC (Definite),High,Title contains explicit post-acute term matched by pattern: \bpasc\b,2,2
NCT05597722,https://clinicaltrials.gov/show/NCT05597722,Randomized Study to Evaluate Strategies to Address Cognitive Fog in Long-COVID Patients,,['other'],['Other symptomatic & supportive agents'],Long COVID / PASC (Definite),High,Title contains explicit post-acute term matched by pattern: \blong[\s-]?covid\b,1,1
NCT05618587,https://clinicaltrials.gov/show/NCT05618587,Effect of Low-dose Lithium Therapy on Long COVID Symptoms: a Randomized Controlled Trial.,,['lithium'],['SSRI / Sigma‑1 agonist'],Long COVID / PASC (Definite),High,Title contains explicit post-acute term matched by pattern: \blong[\s-]?covid\b,1,1
NCT05619653,https://clinicaltrials.gov/show/NCT05619653,Randomised Placebo Controlled Clinical Trial of Efficacy of MYOcardial Protection in Patients With Postacute inFLAMmatory Cardiac involvEment Due to COVID-19,,"['losartan', 'prednisolone']","['Metabolic / cardiometabolic agents', 'Systemic corticosteroids']",Long COVID / PASC (Definite),High,Title contains explicit post-acute term matched by pattern: \bpost[\s-]?acute\b.*\bcovid\b,2,2
NCT05630339,https://clinicaltrials.gov/show/NCT05630339,Efficacy and Security of the Magnesium and Vitamin D Combination as Adjuvant Treatment of Post-COVID Syndrome. A Randomised Double-blind Clinical Trial,,"['magnesium sulfate', 'vitamin d']",['Vitamins & supplements'],Long COVID / PASC (Definite),High,Title contains explicit post-acute term matched by pattern: \bpost[\s-]?covid\b,2,2
NCT05633407,https://clinicaltrials.gov/show/NCT05633407,"A Phase 2 Randomized, Double-blinded, Placebo-controlled Study to Evaluate the Efficacy and Safety of Efgartigimod IV in Adult Patients With Post-COVID-19 Postural Orthostatic Tachycardia Syndrome (POTS)",,['other'],['Other symptomatic & supportive agents'],Long COVID / PASC (Definite),High,Title contains explicit post-acute term matched by pattern: \bpost[\s-]?covid\b,1,1
NCT05633472,https://clinicaltrials.gov/show/NCT05633472,The Roles of Vitamin D and Microbiome in Children With Post-acute COVID-19 Syndromes (PACS) and Long COVID,,['vitamin d'],['Vitamins & supplements'],Long COVID / PASC (Definite),High,Title contains explicit post-acute term matched by pattern: \blong[\s-]?covid\b,1,1
NCT05638633,https://clinicaltrials.gov/show/NCT05638633,"Prednisolone and Vitamin B1, B6, and B12 in Patients With Post-COVID-19-Syndrome (PC19S) - a Randomized Controlled Trial in Primary Care",,"['prednisolone', 'vitamin b']","['Systemic corticosteroids', 'Vitamins & supplements']",Long COVID / PASC (Definite),High,Title contains explicit post-acute term matched by pattern: \bpost[\s-]?covid\b,2,2
NCT05642923,https://clinicaltrials.gov/show/NCT05642923,Post-COVID-19 Chronic Fatigue Syndrome,,['vitamin b'],['Vitamins & supplements'],Long COVID / PASC (Definite),High,Title contains explicit post-acute term matched by pattern: \bpost[\s-]?covid\b,1,1
NCT05668091,https://clinicaltrials.gov/show/NCT05668091,"An Interventional Decentralized Phase 2, Randomized, Double-Blind, 2-Arm Study to Investigate the Efficacy and Safety of Orally Administered Nirmatrelvir/Ritonavir Compared With Placebo/Ritonavir in Participants With Long COVID",,"['other', 'ritonavir (boosted, unspecified)']","['HIV antiretrovirals', 'Other symptomatic & supportive agents']",Long COVID / PASC (Definite),High,Title contains explicit post-acute term matched by pattern: \blong[\s-]?covid\b,2,2
NCT05690503,https://clinicaltrials.gov/show/NCT05690503,Ketamine as a Treatment for Depressive Symptoms Among Patients With Post-acute Sequelae of COVID (PASC): A Pilot Trial,,['other'],['Other symptomatic & supportive agents'],Long COVID / PASC (Definite),High,Title contains explicit post-acute term matched by pattern: \bpasc\b,1,1
NCT05697640,https://clinicaltrials.gov/show/NCT05697640,"A Parallel-group Treatment, Phase 2a, Double-blind, Placebo-controlled 2-arm Study to Show Improvement of Physical Function in SF-36 (SF-36-PF) in Participants Treated With Vericiguat Compared to Placebo Tablets in Male and Female Participants Aged 18-50 Years With Post-COVID-19 Syndrome Without (PCS) or With (PCS/CFS) Fulfillment of ME/CFS Criteria (VERI-LONG).",,['other'],['Other symptomatic & supportive agents'],Long COVID / PASC (Definite),High,Title contains explicit post-acute term matched by pattern: \bpost[\s-]?covid\b,1,1
NCT05703074,https://clinicaltrials.gov/show/NCT05703074,The Efficacy and Safety of a Mental Intervention Program vs. Usual Care and Nicotinamide Riboside (NR) vs. Placebo for Improving Health-related Quality of Life in Long Covid: A 2 x 2 Factorial Randomized Controlled Trial,,['vitamin b'],['Vitamins & supplements'],Long COVID / PASC (Definite),High,Title contains explicit post-acute term matched by pattern: \blong[\s-]?covid\b,1,1
NCT05747534,https://clinicaltrials.gov/show/NCT05747534,"Phase 2a Randomized, Double-Blind, Placebo-Controlled, Multi-Center Study to Evaluate the Safety and Efficacy of Larazotide (AT1001) for the Treatment of Long COVID in Children and Young Adults",,['other'],['Other symptomatic & supportive agents'],Long COVID / PASC (Definite),High,Title contains explicit post-acute term matched by pattern: \blong[\s-]?covid\b,1,1
NCT05760092,https://clinicaltrials.gov/show/NCT05760092,The Use of Photobiomodulation in the Treatment of Oral Complaints of Long COVID-19. A Randomized Controlled Trial.,,['other'],['Other symptomatic & supportive agents'],Long COVID / PASC (Definite),High,Title contains explicit post-acute term matched by pattern: \blong[\s-]?covid\b,1,1
NCT05798195,https://clinicaltrials.gov/show/NCT05798195,"Traditional Chinese Medicine or Low-dose Dexamethasone in Symptomatic Patients With Post-COVID-19 Parenchymal Lung Abnormalities: a Randomized Controlled Trial Three Arm, Parallel Group, Single Blind, Randomized Controlled Trial.",,"['dexamethasone', 'other', 'oxygen']","['Other symptomatic & supportive agents', 'Respiratory & hemodynamic support', 'Systemic corticosteroids']",Long COVID / PASC (Definite),High,Title contains explicit post-acute term matched by pattern: \bpost[\s-]?covid\b,3,3
NCT05823896,https://clinicaltrials.gov/show/NCT05823896,"An Interventional, Double-Blinded, 2-Arm Study to Investigate the Efficacy of Orally Administered Nirmatrelvir/Ritonavir Compared With Placebo/Ritonavir in Non-hospitalized Adult Participants Suffering From Post-COVID",,"['other', 'ritonavir (boosted, unspecified)']","['HIV antiretrovirals', 'Other symptomatic & supportive agents']",Long COVID / PASC (Definite),High,Title contains explicit post-acute term matched by pattern: \bpost[\s-]?covid\b,2,2
NCT05840237,https://clinicaltrials.gov/show/NCT05840237,"REGAIN: A Randomized, Double Blind, Placebo Controlled Trial to Determine the Effects of Oxaloacetate on Improving Fatigue in Long COVID",,['other'],['Other symptomatic & supportive agents'],Long COVID / PASC (Definite),High,Title contains explicit post-acute term matched by pattern: \blong[\s-]?covid\b,1,1
NCT05852873,https://clinicaltrials.gov/show/NCT05852873,PAxlovid loNg cOvid-19 pRevention triAl With recruitMent In the Community in Norway,,"['other', 'ritonavir (boosted, unspecified)']","['HIV antiretrovirals', 'Other symptomatic & supportive agents']",Long COVID / PASC (Definite),High,Title contains explicit post-acute term matched by pattern: \blong[\s-]?covid\b,2,2
NCT05858515,https://clinicaltrials.gov/show/NCT05858515,"REVERSE-Long COVID: A Multicenter Randomized, Placebo-Controlled Clinical Trial of Immunomodulation (With Baricitinib) for Long COVID Related Cognitive Impairment and ADRD (Alzheimer's Disease and Related Dementias)- Pilot Study",,['baricitinib'],['JAK inhibitors'],Long COVID / PASC (Definite),High,Title contains explicit post-acute term matched by pattern: \blong[\s-]?covid\b,1,1
NCT05874037,https://clinicaltrials.gov/show/NCT05874037,FLUVOXAMINE AS A TREATMENT FOR LONG COVID-19: A RANDOMIZED PLACEBO CONTROLLED TRIAL,,['fluvoxamine'],['SSRI / Sigma‑1 agonist'],Long COVID / PASC (Definite),High,Title contains explicit post-acute term matched by pattern: \blong[\s-]?covid\b,1,1
NCT05877508,https://clinicaltrials.gov/show/NCT05877508,"An Exploratory, Randomized, Double-Blind Placebo-Controlled Study to Assess the Safety of an Anti-SARS-CoV-2 Monoclonal Antibody and Response to Treatment in Individuals With Long COVID (outSMART-LC)",,['other'],['Other symptomatic & supportive agents'],Long COVID / PASC (Definite),High,Title contains explicit post-acute term matched by pattern: \blong[\s-]?covid\b,1,1
NCT05901337,https://clinicaltrials.gov/show/NCT05901337,Influence of Cupping Therapy on Immune System in Post Covid- 19 Patients,,"['heparin', 'vitamin c', 'vitamin d']","['Heparin anticoagulants', 'Vitamins & supplements']",Long COVID / PASC (Definite),High,Title contains explicit post-acute term matched by pattern: \bpost[\s-]?covid\b,3,3
NCT05911009,https://clinicaltrials.gov/ct2/show/NCT05911009,"A Prospective, Double-blind, Randomized, Parallel Group, Placebo Controlled, Multicentre, Phase II Study to Investigate the Efficacy, GPCR Autoantibody Neutralizing Effect, Safety, and Tolerability of BC 007 in Participants With Long COVID",,['other'],['Other symptomatic & supportive agents'],Long COVID / PASC (Definite),High,Title contains explicit post-acute term matched by pattern: \blong[\s-]?covid\b,1,1
NCT05911906,https://clinicaltrials.gov/show/NCT05911906,"Evaluating the Safety and Feasibility of Remdesivir for the Improvement of Lung Function, Perfusion, and Symptom Profile in Long-covid Patients: a Pilot Randomised Controlled Trial.",,['remdesivir'],['RdRp inhibitors'],Long COVID / PASC (Definite),High,Title contains explicit post-acute term matched by pattern: \blong[\s-]?covid\b,1,1
NCT05926505,https://clinicaltrials.gov/show/NCT05926505,"Safety and Efficacy of Anakinra Treatment for Patients With Persistent Respiratory Symptoms Post Acute Covid and Immune System Activation: the Precision Double-blind, Randomized Clinical Trial",,['anakinra'],['Biologic cytokine / receptor blockers'],Long COVID / PASC (Definite),High,Title contains explicit post-acute term matched by pattern: \bpost[\s-]?acute\b.*\bcovid\b,1,1
NCT05939622,https://clinicaltrials.gov/ct2/show/NCT05939622,Prospective Randomized Double Blind Placebo Controlled Study of Efficacy of the Therapy With BRAINMAX® Using Functional Magnetic Resonance Imaging (fMRI) for the Treatment of Patients With Post-COVID Asthenic Syndrome,,['other'],['Other symptomatic & supportive agents'],Long COVID / PASC (Definite),High,Title contains explicit post-acute term matched by pattern: \bpost[\s-]?covid\b,1,1
NCT05943821,https://clinicaltrials.gov/ct2/show/NCT05943821,"A Randomized, Double-blind, Placebo-controlled Study Evaluating the Effect of Allopurinol on the Risk of Cardiovascular Events in Patients With High and Very High Cardiovascular Risk, Including the Presence of Long-COVID Syndrome.",,['other'],['Other symptomatic & supportive agents'],Long COVID / PASC (Definite),High,Title contains explicit post-acute term matched by pattern: \blong[\s-]?covid\b,1,1
NCT05946551,https://clinicaltrials.gov/ct2/show/NCT05946551,"A Feasibility Assessment of a Decentralized Platform Adaptive Double-Blind, Randomized Controlled Trial Investigating Repurposed Drugs in the Treatment of Post-Acute Sequelae of Coronavirus-19 (PASC)",,"['famotidine', 'naltrexone', 'other']","['Other symptomatic & supportive agents', 'Small‑molecule immunosuppressants / DMARDs', 'Vitamins & supplements']",Long COVID / PASC (Definite),High,Title contains explicit post-acute term matched by pattern: \bpasc\b,3,3
NCT05965726,https://clinicaltrials.gov/ct2/show/NCT05965726,"RECOVER-VITAL: A Platform Protocol for Evaluation of Interventions for Viral Persistence, Viral Reactivation, and Immune Dysregulation in Post-Acute Sequelae of SARS-CoV-2 Infection (PASC)",,"['other', 'ritonavir (boosted, unspecified)']","['HIV antiretrovirals', 'Other symptomatic & supportive agents']",Long COVID / PASC (Definite),High,Title contains explicit post-acute term matched by pattern: \bpasc\b,2,2
NCT05967052,https://clinicaltrials.gov/ct2/show/NCT05967052,Investigation of Pregabalin Therapy and Complex Rehabilitation in Treating Chronic Fatigue Associated With Post-COVID Syndrome,,['other'],['Other symptomatic & supportive agents'],Long COVID / PASC (Definite),High,Title contains explicit post-acute term matched by pattern: \bpost[\s-]?covid\b,1,1
NCT05970731,https://clinicaltrials.gov/ct2/show/NCT05970731,Directed Topical Drug Delivery for Treatment for PASC Hyposmia,,['other'],['Other symptomatic & supportive agents'],Long COVID / PASC (Definite),High,Title contains explicit post-acute term matched by pattern: \bpasc\b,1,1
NCT05977166,https://clinicaltrials.gov/ct2/show/NCT05977166,Influence of Hyperbaric Oxygen on Pulmonary Functions in Post Covid-19 Patients.,,"['anticoagulation', 'oxygen', 'vitamin c', 'vitamin d']","['Heparin anticoagulants', 'Respiratory & hemodynamic support', 'Vitamins & supplements']",Long COVID / PASC (Definite),High,Title contains explicit post-acute term matched by pattern: \bpost[\s-]?covid\b,4,4
NCT05986422,https://clinicaltrials.gov/ct2/show/NCT05986422,"Phase 2a, Double-blind, Randomized, Placebo-controlled Trial of Methylprednisolone Versus Placebo in Patients With Cognitive Deficits in Post-COVID-19 Syndrome (PCS)",,['methylprednisolone'],['Systemic corticosteroids'],Long COVID / PASC (Definite),High,Title contains explicit post-acute term matched by pattern: \bpost[\s-]?covid\b,1,1
NCT05999435,https://clinicaltrials.gov/ct2/show/NCT05999435,"A DOUBLE-BLIND, RANDOMIZED, PLACEBO-CONTROLLED, ADAPTIVE PHASE 2/3 STUDY OF THE EFFICACY OF LAU-7b IN THE TREATMENT OF ADULTS WITH LONG COVID AND MODERATE TO SEVERE SYMPTOMS",,['fenretinide'],['Broad‑spectrum & host‑directed antivirals'],Long COVID / PASC (Definite),High,Title contains explicit post-acute term matched by pattern: \blong[\s-]?covid\b,1,1
NCT06055244,https://clinicaltrials.gov/ct2/show/NCT06055244,Amantadine Therapy for Cognitive Impairment Related to Post-COVID Condition,,['other'],['Other symptomatic & supportive agents'],Long COVID / PASC (Definite),High,Title contains explicit post-acute term matched by pattern: \bpost[\s-]?covid\b,1,1
NCT06082518,https://clinicaltrials.gov/ct2/show/NCT06082518,Improving Post COVID-19 Syndrome With Hyperbaric Oxygen Treatments (PCS-HBOT Study),,['oxygen'],['Respiratory & hemodynamic support'],Long COVID / PASC (Definite),High,Title contains explicit post-acute term matched by pattern: \bpost[\s-]?covid\b,1,1
NCT06095258,https://clinicaltrials.gov/ct2/show/NCT06095258,A Practical Clinical Randomized Controlled Trial of Traditional Chinese Medicine in the Treatment of Long COVID and an Analysis of Syndrome Types and Medication Characteristics of Traditional Chinese Medicine,,"['bronchodilators', 'other', 'paracetamol']","['Other symptomatic & supportive agents', 'Respiratory & hemodynamic support']",Long COVID / PASC (Definite),High,Title contains explicit post-acute term matched by pattern: \blong[\s-]?covid\b,3,3
NCT06128967,https://clinicaltrials.gov/ct2/show/NCT06128967,"An Adaptive, Randomized, doublE-blind, Placebo-controlled, Prospective, Pharmacological interVention Study In Participants With Long COVID-19 Syndrome: REVIVE-TOGETHER Trial",,"['fluvoxamine', 'metformin']","['Biguanides', 'SSRI / Sigma‑1 agonist']",Long COVID / PASC (Definite),High,Title contains explicit post-acute term matched by pattern: \blong[\s-]?covid\b,2,2
NCT06147050,https://clinicaltrials.gov/ct2/show/NCT06147050,"Pilot Study of an Adaptive, Double-blind, Randomized, Placebo-controlled Study to Evaluate the Effect of Metformin in Reducing Fatigue in Long COVID Adolescent Patients With Chronic Fatigue Syndrome",,['metformin'],['Biguanides'],Long COVID / PASC (Definite),High,Title contains explicit post-acute term matched by pattern: \blong[\s-]?covid\b,1,1
NCT06159296,https://clinicaltrials.gov/ct2/show/NCT06159296,"Randomised, Placebo-controlled, Double-blind Cross-over Study to Investigate the Therapeutic Effects of an Inhaled Hydrogen/Oxygen Mixture to Improve Long COVID Symptoms",,['inhaled gases'],['Respiratory & hemodynamic support'],Long COVID / PASC (Definite),High,Title contains explicit post-acute term matched by pattern: \blong[\s-]?covid\b,1,1
NCT06161688,https://clinicaltrials.gov/ct2/show/NCT06161688,"Placebo-Controlled, Randomized Trial of Ensitrelvir (S-217622) for Viral Persistence and Inflammation in People Experiencing Long COVID (PREVAIL-LC)",,['other'],['Other symptomatic & supportive agents'],Long COVID / PASC (Definite),High,Title contains explicit post-acute term matched by pattern: \blong[\s-]?covid\b,1,1
NCT06204432,,Efficacy of Adjunctive Sodium Citrate in Smell Retraining for People With Post-Acute Sequelae COVID-19 Olfactory Dysfunction,,['other'],['Other symptomatic & supportive agents'],Long COVID / PASC (Definite),High,Title contains explicit post-acute term matched by pattern: \bpost[\s-]?acute\b.*\bcovid\b,1,1
NCT06204458,https://clinicaltrials.gov/ct2/show/NCT06204458,Evaluation of the Efficacy of Mild Water-filtered Infrared-A Whole-body Hyperthermia to Improve Symptoms and Quality of Life in Patients With Post-COVID Syndrome (HyPoCo),,['oxygen'],['Respiratory & hemodynamic support'],Long COVID / PASC (Definite),High,Title contains explicit post-acute term matched by pattern: \bpost[\s-]?covid\b,1,1
NCT06234462,,Feasibility Study of Amantadine for Cognitive Dysfunction in Patients With Long-Covid: A Pilot Randomized Control Trial,,['protease inhibitors unknown/not on list'],['3CL protease inhibitors'],Long COVID / PASC (Definite),High,Title contains explicit post-acute term matched by pattern: \blong[\s-]?covid\b,1,1
NCT06267300,,"Treatment of Post-COVID-19 With Hyperbaric Oxygen Therapy: a Randomized, Controlled Trial",,['oxygen'],['Respiratory & hemodynamic support'],Long COVID / PASC (Definite),High,Title contains explicit post-acute term matched by pattern: \bpost[\s-]?covid\b,1,1
NCT06419712,https://clinicaltrials.gov/ct2/show/NCT06419712,"Effect of Vitamin D Supplementation on Glutathione Peroxidase (GPx) Activity, Interleukin-6 (IL-6) Levels and Clinical Outcomes in Post-COVID-19 Patients",,['vitamin d'],['Vitamins & supplements'],Long COVID / PASC (Definite),High,Title contains explicit post-acute term matched by pattern: \bpost[\s-]?covid\b,1,1
NCT06437210,https://clinicaltrials.gov/ct2/show/NCT06437210,Evaluation of Treatment With Viusid in Post-COVID-19 Syndrome,,"['vitamin b', 'vitamin c', 'zinc (any salt)']",['Vitamins & supplements'],Long COVID / PASC (Definite),High,Title contains explicit post-acute term matched by pattern: \bpost[\s-]?covid\b,3,3
NCT06437223,https://clinicaltrials.gov/ct2/show/NCT06437223,"A Phase 2 Study to Compare the Efficacy and Safety of Orally Administered Xiflam??? Therapy With Orally Administered Placebo in Patients With Ocular and Systemic Manifestations of Post COVID Sequelae Known as ""Long"" COVID",,['other'],['Other symptomatic & supportive agents'],Long COVID / PASC (Definite),High,Title contains explicit post-acute term matched by pattern: \bpost[\s-]?covid\b,1,1
NCT06441955,https://clinicaltrials.gov/ct2/show/NCT06441955,Covid-19 Long Haul Syndrome: Undiagnosed Disorder Post Covid-19 Alternative Treatment Study.,,"['other', 'ritonavir (boosted, unspecified)']","['HIV antiretrovirals', 'Other symptomatic & supportive agents']",Long COVID / PASC (Definite),High,Title contains explicit post-acute term matched by pattern: \bpost[\s-]?covid\b,2,2
NCT06452095,https://clinicaltrials.gov/ct2/show/NCT06452095,RECLAIM: Recovering From COVID-19 Lingering Symptoms Adaptive Integrative Medicine Trial - Effect of Hyperbaric Oxygen Therapy for the Treatment of Post COVID Condition (RECLAIM-HBOT),,['oxygen'],['Respiratory & hemodynamic support'],Long COVID / PASC (Definite),High,Title contains explicit post-acute term matched by pattern: \bpost[\s-]?covid\b,1,1
NCT06511063,https://clinicaltrials.gov/ct2/show/NCT06511063,Investigating the Feasibility of Repurposing HIV Antivirals in Adults With Long Covid,,"['emtricitabine', 'other', 'tenofovir']","['HIV antiretrovirals', 'Other symptomatic & supportive agents']",Long COVID / PASC (Definite),High,Title contains explicit post-acute term matched by pattern: \blong[\s-]?covid\b,3,3
NCT06597396,https://clinicaltrials.gov/ct2/show/NCT06597396,"A Phase 2a Randomized, Dose Ranging, Double-Blind, 3-Arm Study to Investigate Orally Administered Abrocitinib Compared with Placebo in Non-Hospitalized Symptomatic Adult Participants with Severe Fatigue from Post COVID Condition",,['other'],['Other symptomatic & supportive agents'],Long COVID / PASC (Definite),High,Title contains explicit post-acute term matched by pattern: \bpost[\s-]?covid\b,1,1
NCT06614309,https://clinicaltrials.gov/ct2/show/NCT06614309,Pilot Study to Investigate Possible Non-invasive Treatment for Long COVID (Post COVID-19 Condition) Brain Fog,,"['other', 'oxygen']","['Other symptomatic & supportive agents', 'Respiratory & hemodynamic support']",Long COVID / PASC (Definite),High,Title contains explicit post-acute term matched by pattern: \blong[\s-]?covid\b,2,2
NCT06631287,https://clinicaltrials.gov/ct2/show/NCT06631287,Randomized Double-Blind Placebo-Controlled Trial EValuating Baricitinib on PERSistent NEurologic and Cardiopulmonary Symptoms of Long COVID (REVERSE-LC),,['baricitinib'],['JAK inhibitors'],Long COVID / PASC (Definite),High,Title contains explicit post-acute term matched by pattern: \blong[\s-]?covid\b,1,1
NCT06721949,https://clinicaltrials.gov/ct2/show/NCT06721949,Taurine Supplementation as a Novel Therapeutic Approach for Neurocognitive Symptoms in Long COVID,,['other'],['Other symptomatic & supportive agents'],Long COVID / PASC (Definite),High,Title contains explicit post-acute term matched by pattern: \blong[\s-]?covid\b,1,1
NCT06847191,,"A Double-blind, Randomized Study to Evaluate the Efficacy and Safety of Bezisterim (NE3107) in Adults with Long COVID",,['other'],['Other symptomatic & supportive agents'],Long COVID / PASC (Definite),High,Title contains explicit post-acute term matched by pattern: \blong[\s-]?covid\b,1,1
NCT06907251,,Dapagliflozin for Long COVID Syndrome,,['dapagliflozin'],['SGLT‑2 inhibitors'],Long COVID / PASC (Definite),High,Title contains explicit post-acute term matched by pattern: \blong[\s-]?covid\b,1,1
NCT06928272,,LC-REVITALIZE - A Long Covid Repurposed Drug Study,,"['other', 'pirfenidone']","['Other symptomatic & supportive agents', 'Small‑molecule immunosuppressants / DMARDs']",Long COVID / PASC (Definite),High,Title contains explicit post-acute term matched by pattern: \blong[\s-]?covid\b,2,2
NCT06928506,,RECLAIM: Recovering From COVID-19 Lingering Symptoms Adaptive Integrative Medicine Trial - Effect of Hi-OxSR for the Treatment of Post COVID Condition (RECLAIM-HiOxSR),,['oxygen'],['Respiratory & hemodynamic support'],Long COVID / PASC (Definite),High,Title contains explicit post-acute term matched by pattern: \bpost[\s-]?covid\b,1,1
NCT06960928,https://clinicaltrials.gov/ct2/show/NCT06960928,Low Dose Sirolimus in People With Post-Acute Sequelae of COVID-19 (PASC) Long COVID-19,,['sirolimus'],['Small‑molecule immunosuppressants / DMARDs'],Long COVID / PASC (Definite),High,Title contains explicit post-acute term matched by pattern: \blong[\s-]?covid\b,1,1
NCT06974084,https://clinicaltrials.gov/study/NCT06974084?term=NCT06974084&rank=1#study-plan,"Investigating Measurable PRO Acuity Trial (IMPACT) is a Multi-Center Randomized, Double-Blind, Placebo-Controlled Study to Evaluate the Efficacy of Maraviroc and Atorvastatin to Improve Neurocognitive and Physical Function of Subjects With Long COVID-19/?Post-Acute Sequelae of COVID-19 (PASC). (IMPACT-LC)",,"['atorvastatin', 'other']","['Other symptomatic & supportive agents', 'Statins']",Long COVID / PASC (Definite),High,Title contains explicit post-acute term matched by pattern: \blong[\s-]?covid\b,2,2
NCT07021794,,"Effectiveness of Treating Post-COVID-19 Conditions (Long COVID) With the SARS-CoV-2 Specific Monoclonal Antibody, Sipavibart",,['monoclonal antibodies unknown/not on list'],['Anti‑spike monoclonal antibodies'],Long COVID / PASC (Definite),High,Title contains explicit post-acute term matched by pattern: \blong[\s-]?covid\b,1,1
NCT07128082,,The Long COVID Treatment Trial,,['other'],['Other symptomatic & supportive agents'],Long COVID / PASC (Definite),High,Title contains explicit post-acute term matched by pattern: \blong[\s-]?covid\b,1,1
NCT07189936,https://clinicaltrials.gov/study/NCT07189936,Mechanism of Isolevuglandin-Protein Adduct Formation in Persistent Immune Activation in Long COVID POTS,,['other'],['Other symptomatic & supportive agents'],Long COVID / PASC (Definite),High,Title contains explicit post-acute term matched by pattern: \blong[\s-]?covid\b,1,1
NL-OMON21473,,Lactoferrin in the treatment of Long COVID,,['lactoferrin'],['Vitamins & supplements'],Long COVID / PASC (Definite),High,Title contains explicit post-acute term matched by pattern: \blong[\s-]?covid\b,1,1
PACTR202006717277937,https://pactr.samrc.ac.za/TrialDisplay.aspx?TrialID=11088,Efficacy of Interferential Therapy on Selected Cardiopulmonary Parameters of Asthmatic Patients with Post COVID-9 Exposure,,['corticosteroids (unspecified)'],['Systemic corticosteroids'],Long COVID / PASC (Definite),High,Title contains explicit post-acute term matched by pattern: \bpost[\s-]?covid\b,1,1
SLCTR/2023/008,https://slctr.lk/trials/slctr-2023-008,"Comparison of olfactory training, topical corticosteroids and combination therapy for the treatment of post COVID-19 olfactory dysfunction in a tertiary care centre, Sri Lanka; Randomized Controlled trial",,['betamethasone'],['Systemic corticosteroids'],Long COVID / PASC (Definite),High,Title contains explicit post-acute term matched by pattern: \bpost[\s-]?covid\b,1,1
TCTR20211005002,www.thaiclinicaltrials.org/show/TCTR20211005002,Comparative study of the efficacy of olfactory training and intranasal corticosteroids in post-COVID-19 olfactory dysfunction: A randomized controlled trial,,['corticosteroids (unspecified)'],['Systemic corticosteroids'],Long COVID / PASC (Definite),High,Title contains explicit post-acute term matched by pattern: \bpost[\s-]?covid\b,1,1
TCTR20221013001,www.thaiclinicaltrials.org/show/TCTR20221013001,Effects of High Dose Vitamin D2 Supplementation on Post-COVID Fatigue and Neuropsychiatric Symptoms of Long COVID: A Randomized Controlled Trial,,['vitamin d'],['Vitamins & supplements'],Long COVID / PASC (Definite),High,Title contains explicit post-acute term matched by pattern: \blong[\s-]?covid\b,1,1
ChiCTR2200060693,http://www.chictr.org.cn/showproj.aspx?proj=171337,"A Prospective, Multi-center, Randomized, Controlled Clinical Trial to Evaluate the Effectiveness and Safety of Hydrogenâ€""Oxygen Generator with Nebulizer for Rehabilitation Treatment of Dysfunctions in Discharged Patients Who Are Previously Hospitalized due to 2019 Novel Coronavirus Pneumonia (COVID-19)",yes,"['other', 'oxygen']","['Other symptomatic & supportive agents', 'Respiratory & hemodynamic support']",Long COVID / PASC (Probable),Low,Title includes both acute and recovery terms (matched \bhospitali[sz]ed\b and \brehabilitation\b); likely post-acute/rehab—needs review.,2,2
CTIS2024-510790-19-00,,"Randomized, double-blind, placebo-controlled trial of the efficacy and safety of tianeptine in the treatment of covid fog symptoms in patients after COVID-19 with the study of the pathophysiology of the phenomenon using positron emission tomography, biochemical, immunological and electrophysiological parameters (COVMENT). - ABM/COVMENT/2021",yes,,,Long COVID / PASC (Probable),Moderate,Title suggests post-acute course (matched \bafter (covid|covid-19|sars-cov-2)\b) and mentions COVID; no acute-phase markers detected.,0,0
ChiCTR2300069795,https://www.chictr.org.cn/showproj.html?proj=192487,Clinical study on comprehensive treatment of olfactory dysfunction after COVID-19 infection,yes,"['corticosteroids (unspecified)', 'oxygen']","['Respiratory & hemodynamic support', 'Systemic corticosteroids']",Long COVID / PASC (Probable),Moderate,Title suggests post-acute course (matched \bafter (covid|covid-19|sars-cov-2)\b) and mentions COVID; no acute-phase markers detected.,2,2
ChiCTR2300070565,https://www.chictr.org.cn/showproj.html?proj=195604,"A randomized, controlled trial of intermittent hypoxia exposure for treatment of COVID-19 patient's recovery",yes,['oxygen'],['Respiratory & hemodynamic support'],Long COVID / PASC (Probable),Moderate,Title suggests post-acute course (matched \brecovery\b) and mentions COVID; no acute-phase markers detected.,1,1
ChiCTR2300070923,https://www.chictr.org.cn/showproj.html?proj=193152,Effects of hyperbaric oxygen combined with incentive spirometer on pulmonary dysfunction after COVID-19 infection,yes,['oxygen'],['Respiratory & hemodynamic support'],Long COVID / PASC (Probable),Moderate,Title suggests post-acute course (matched \bafter (covid|covid-19|sars-cov-2)\b) and mentions COVID; no acute-phase markers detected.,1,1
EUCTR2022-004166-37-AT,https://www.clinicaltrialsregister.eu/ctr-search/search?query=eudract_number:2022-004166-37,Hyperbaric oxygenation for patients with orthostatic dysregulation (postural orthostatic tachycardia) in Long- COVID. Prospectively randomized cross- over study.,yes,['oxygen'],['Respiratory & hemodynamic support'],Long COVID / PASC (Probable),Moderate,Title suggests post-acute course (matched \bpostural orthostatic tachycardia\b|\bpots\b) and mentions COVID; no acute-phase markers detected.,1,1
IRCT20090117001556N138,http://en.irct.ir/trial/57828,Investigating the effect of Famotidine on cognitive and behavioral dysfunctions induced by COVID-19: A randomized double blind and placebo controlled clinical trial,yes,['famotidine'],['Vitamins & supplements'],Long COVID / PASC (Probable),Moderate,Title suggests post-acute course (matched \bcognitive\b) and mentions COVID; no acute-phase markers detected.,1,1
JPRN-jRCT2031220510,https://jrct.niph.go.jp/latest-detail/jRCT2031220510,Drug repositioning of donepezil for the treatment of COVID-19 sequelae.  Repositioning for the treatment of psychiatric symptoms,yes,['other'],['Other symptomatic & supportive agents'],Long COVID / PASC (Probable),Moderate,Title suggests post-acute course (matched \bsequelae\b) and mentions COVID; no acute-phase markers detected.,1,1
NCT04725110,https://clinicaltrials.gov/show/NCT04725110,"Phase II Trial of Direct Topical Lung T3 Treatment to Improve Outcome & Sequelae of COVID-19 ARDS - A Multi-Site, Randomized, Double-blinded, Placebo-Controlled Clinical Trial",yes,['liothyronine'],['Other symptomatic & supportive agents'],Long COVID / PASC (Probable),Moderate,Title suggests post-acute course (matched \bsequelae\b) and mentions COVID; no acute-phase markers detected.,1,1
NCT05601180,https://clinicaltrials.gov/show/NCT05601180,"Interventional, Prospective, National, Multicentre, Randomised, Open-label, Controlled Clinical Study Comparing Two Parallel Groups, One Control Arm (Standard Treatment) Versus Intervention Arm (Standard Treatment + Study Product) Evaluating the Efficacy of RespicureÂ® 0.38% /0.38% (Resveratrol / Quercetin) Phytotherapy Product From BEKERÂ® Laboratories as an add-on Treatment in the Management of Respiratory Conditions Including Asthma (Partially Controlled),Chronic Obstructive Pulmonary Disease ""COPD"" (Stage A, B, C and D) and Long Coronavirus Disease ""COVID"" in Algerian Adult Patients .",yes,['other'],['Other symptomatic & supportive agents'],Long COVID / PASC (Probable),Moderate,Title suggests post-acute course (matched \bchronic\b) and mentions COVID; no acute-phase markers detected.,1,1
NCT05715801,https://clinicaltrials.gov/show/NCT05715801,The Effects of Hyperbaric Oxygen Therapy on Brain Function in Patients With Cognitive Decline After COVID-19 Infection.,yes,['oxygen'],['Respiratory & hemodynamic support'],Long COVID / PASC (Probable),Moderate,Title suggests post-acute course (matched \bafter (covid|covid-19|sars-cov-2)\b) and mentions COVID; no acute-phase markers detected.,1,1
NCT05813587,https://clinicaltrials.gov/show/NCT05813587,"A Randomized, Double-blind, Placebo-controlled, Loaded Phase III Clinical Trial on the Efficacy and Safety of Mepozumab for Injection in the Treatment of COVID-19 Sequelae",yes,['other'],['Other symptomatic & supportive agents'],Long COVID / PASC (Probable),Moderate,Title suggests post-acute course (matched \bsequelae\b) and mentions COVID; no acute-phase markers detected.,1,1
NCT06012552,https://clinicaltrials.gov/ct2/show/NCT06012552,"Randomized, Double-blind, Placebo-controlled Trial of the Efficacy and Safety of Tianeptine in the Treatment of Covid Fog Symptoms in Patients After COVID-19 With the Study of the Pathophysiology of the Phenomenon Using Positron Emission Tomography, Biochemical, Immunological and Electrophysiological Parameters.",yes,['other'],['Other symptomatic & supportive agents'],Long COVID / PASC (Probable),Moderate,Title suggests post-acute course (matched \bafter (covid|covid-19|sars-cov-2)\b) and mentions COVID; no acute-phase markers detected.,1,1
NCT06208540,https://clinicaltrials.gov/ct2/show/NCT06208540,Persistent Olfactory and Gustatory Dysfunctions Due to Different SARS-CoV-2 Variants: Clinical Characteristics and Treatment,yes,['other'],['Other symptomatic & supportive agents'],Long COVID / PASC (Probable),Moderate,Title suggests post-acute course (matched \bpersistent\b) and mentions COVID; no acute-phase markers detected.,1,1
NCT06383819,https://clinicaltrials.gov/ct2/show/NCT06383819,"Multicenter, Randomized, Double-blind, Placebo-controlled Parallel-group Study to Evaluate the Efficacy and Safety of Longidaza? for the Treatment of Patients With Residual Changes in the Lungs After COVID-19",yes,['other'],['Other symptomatic & supportive agents'],Long COVID / PASC (Probable),Moderate,Title suggests post-acute course (matched \bafter (covid|covid-19|sars-cov-2)\b) and mentions COVID; no acute-phase markers detected.,1,1
NCT06610643,https://clinicaltrials.gov/ct2/show/NCT06610643,Extended Remdesivir Infusion Combined With Nirmatrelvir/Ritonavir for Persistent SARS-CoV-2 Infection in Immunocompromised Patients,yes,"['other', 'ritonavir (boosted, unspecified)']","['HIV antiretrovirals', 'Other symptomatic & supportive agents']",Long COVID / PASC (Probable),Moderate,Title suggests post-acute course (matched \bpersistent\b) and mentions COVID; no acute-phase markers detected.,2,2
NL-OMON54199,,COrticosteroids for COVID-19 induced loss of Smell - COCOS trial  <br>(AMENDMENT) - COCOS trial,,['prednisolone'],['Systemic corticosteroids'],Long COVID / PASC (Probable),Moderate,Title suggests post-acute course (matched \bdysgeusia\b|\banosmia\b|\bsmell\b|\btaste\b) and mentions COVID; no acute-phase markers detected.,1,1
RBR-107j3g4v,https://ensaiosclinicos.gov.br/rg/RBR-107j3g4v,Cholinergic stimulation with Pyridostigmine bromide in the treatment of fatigue secondary to SARS-Cov2 infection,yes,['pyridostigmine'],['Other symptomatic & supportive agents'],Long COVID / PASC (Probable),Moderate,Title suggests post-acute course (matched \bfatigue\b) and mentions COVID; no acute-phase markers detected.,1,1
RBR-3tpvp8t,http://ensaiosclinicos.gov.br/rg/RBR-3tpvp8t,"Photobiomodulation and B complex use in patients with taste disorders caused by COVID-19. In vivo, randomized and double-blind study",yes,['vitamin b'],['Vitamins & supplements'],Long COVID / PASC (Probable),Moderate,Title suggests post-acute course (matched \bdysgeusia\b|\banosmia\b|\bsmell\b|\btaste\b) and mentions COVID; no acute-phase markers detected.,1,1
